Continent,Country,Province,Data Start Date,MAPE,Infection Rate,Median Day of Action,Rate of Action,Rate of Death,Mortality Rate,Rate of Mortality Rate Decay,Internal Parameter 1,Internal Parameter 2,Jump Magnitude,Jump Time,Jump Decay
Asia,Afghanistan,None,2020-03-27,29.504418338657125,1.25,8.555123547199043,1.0,0.06554208268939055,0.02799959525603675,0.01747447760551646,0.1253598220851444,0.1771388797587523,0.0,3.7816474981579953,0.9543101245973902
Europe,Albania,None,2020-03-23,25.60325741170027,0.9736655332969137,5.746221702978208,1.0,0.5,0.035558382899756144,0.5,0.1,0.1,0.0,2.9601671015075315,0.9755494681832264
Africa,Algeria,None,2020-03-21,23.337390396352944,1.2089909364848865,3.9152515130288528,1.0015602415326872,0.37671967808767004,0.08651399401977689,0.1202280747399247,1.060291474712682,0.1194940401151321,0.4972104032280993,2.959957299290573,0.15466062814133696
Europe,Andorra,None,2020-03-22,7.392263667192059,0.8072814947366942,-2.667614559082723,2.9912003831655594,0.10558426414686378,0.06353093113810306,0.044094609416549496,1.5229761210248487,0.6879111494245498,0.0,2.381649264398873,1.3145824658811578
Africa,Angola,None,2020-06-10,4.831054049256521,1.0616897793218032,-2.506546921685846,1.1204841367453198,0.21043160804792566,0.04058279803291168,0.17141461315424644,0.1,0.19047325823319294,0.0,3.082485540694422,0.9568076662459064
South America,Argentina,None,2020-03-20,63.6720734308701,1.1073311235273906,0.7893940268080079,1.0,0.05,0.04670072414462696,0.15857134251664054,1.4631462756946911,1.442327046533947,0.5993197730697597,2.765325034668459,0.10000000013502897
Asia,Armenia,None,2020-03-19,95.79091829635328,1.057757287483823,0.6205388725377268,1.0,0.05,0.022857682090901152,0.10496187695789777,2.9292648772844534,0.1,0.0,2.94492561289428,0.9410948747006624
Oceania,Australia,Australian Capital Territory,2020-04-10,15.717175080561445,0.75,-10.0,3.0,0.05,0.01,0.2027402223349322,0.1,0.1,0.0,2.971989930315837,0.9878680473304982
Oceania,Australia,New South Wales,2020-03-14,355.5431467989691,1.0,0.0,2.0,0.2,0.05,0.2,3.0,3.0,0.10000000000000009,3.0,1.0
Oceania,Australia,Queensland,2020-03-19,23.22836171913156,0.75,-10.0,3.0,0.05,0.01,0.24729054289770955,1.2523890879973947,1.89880606648286,0.0,3.182126133148473,1.102967141642711
Oceania,Australia,South Australia,2020-03-23,7.2099657930340655,0.75,-10.0,3.0,0.08091868854455975,0.01,0.21111171901616438,0.1,1.0197337194866432,0.0,3.702119077985395,0.8209307578297649
Oceania,Australia,Tasmania,2020-04-09,3.428081944042982,0.75,-10.0,3.0,0.15018170827317254,0.05012953406201223,0.2969841260695469,0.1,0.5274519033023406,0.0,3.065721650454689,0.9952042736126017
Oceania,Australia,Victoria,2020-03-18,8.810332716197712,0.8589394509026514,-1.2589718049244139,2.0594058233267076,0.37177108547329635,0.01136059424469936,0.27094748855935363,1.6970913603448663,0.6206871674104981,0.0,3.149628482455736,1.3385572317542276
Oceania,Australia,Western Australia,2020-03-22,6.647389199950657,0.7557450991546072,-9.977752490533188,2.5808241190529326,0.09469634085834147,0.014074387363232632,0.10218022576365876,0.16028242846315077,1.3736250651305202,0.2113510823219804,2.7419712279968507,1.1079071390264807
Europe,Austria,None,2020-03-08,40.61583784250082,1.0503594355922048,0.4987498122920523,1.958950550658939,0.08831590239902837,0.04636384632150338,0.19647973018405054,3.093209935909666,3.3977057865688662,0.9062617235022454,2.602434619106919,1.0821136670640297
Asia,Azerbaijan,None,2020-03-26,35.58967905274237,1.25,6.11196647754088,1.0,0.05,0.019109629222081315,0.14907047317600194,0.1,0.1,0.0,3.039198402150524,1.6129396686471997
Asia,Bahrain,None,2020-03-10,115.57281717519123,1.25,6.389049453111655,1.0,0.05,0.01,0.21187643332952708,0.1,0.1,0.0,3.1639918988140634,0.9189321502283969
Asia,Bangladesh,None,2020-04-06,33.51227256806879,1.0254768057098884,8.506515834727912,1.000219034970417,0.05454320841307156,0.019289686850859245,0.0,4.036575732429644,5.194090815261707,0.7068294330234746,4.403175148801661,0.21591777698459103
Europe,Belarus,None,2020-03-30,27.75536529627028,1.25,0.9021524945117527,1.0,0.05,0.01,0.20641450958147367,0.10253428736634707,0.6082080980330105,1.1366383841359904,5.010210776857654,1.55858555991904
Europe,Belgium,None,2020-03-06,143.94875457601793,1.066481122985532,4.898500820108623,1.3312610005823755,0.16584486147128719,0.20513457092744303,0.18112594722111797,3.306044323722069,3.869863130876232,0.0003354757138289699,3.998051023274776,0.9275047672272838
Africa,Benin,None,2020-05-07,47.298913084868765,1.25,-7.417897938986919,1.0,0.05,0.021438158450972397,0.0,0.1,0.1,0.0,3.001256088643351,0.9900653336985537
South America,Bolivia,None,2020-03-31,50.66559766664389,1.25,3.1345554073308963,1.0,0.05,0.05783134571176249,0.14392732205831663,1.490055061892694,0.15757553110833467,1.6522150718678574e-06,3.408664377527747,0.10004778919639223
Europe,Bosnia and Herzegovina,None,2020-03-22,20.368727731657167,1.238075720285582,-0.6513280113250081,1.0723918623573014,0.41979919023979007,0.07109560613003096,0.24901867660180318,0.10003154167810546,0.13465623650515646,0.06751509433065328,1.1996079181376729,0.5723083941265421
South America,Brazil,None,2020-03-13,147.30777495391808,1.0724516660316648,9.302302029131045,1.0,0.05,0.07690969962634589,0.11225482963680694,5.2149463194043015,6.901213046006372,1.9896906830980343,2.9694298343351218,0.1504620250694435
Europe,Bulgaria,None,2020-03-20,19.33278710293275,1.25,0.043454686004927454,1.0,0.0710960872812896,0.06534084814572962,0.06035535639786399,0.1,0.1,0.0,3.1336111981833366,4.065185442813953
Africa,Burkina Faso,None,2020-03-24,5.438848947573198,1.2271241908716726,-6.2471249380535845,1.7872174426293654,0.5,0.0744760756488754,0.4192371227851043,0.1613723608926394,0.5590321189795633,0.0,3.6902908532198735,1.1453128163767463
Africa,Burundi,None,2020-06-16,20.164651120056895,0.75,-2.43215106496806,2.9566190879668017,0.05,0.01,0.19876595870998082,0.2922770496333804,0.1354556450208788,0.35098145498851663,2.410571831334778,0.8878944476581108
Africa,Cabo Verde,None,2020-04-26,12.59857976808049,1.25,-6.063523087034839,1.0,0.05,0.013918183846511237,0.21173388055579256,0.10204696544408431,0.1,0.01866671053607316,4.791821057605341,0.9909400966015967
Asia,Cambodia,None,2020-03-29,,0.75,-10.0,3.0,0.05,0.01,0.18447359658674473,0.1,0.1,0.0,3.0011646432411663,0.99005493346275
Africa,Cameroon,None,2020-03-29,24.480937082551975,1.25,0.07052124852087471,1.0,0.06308883009803357,0.03465602211585121,1.3384179225445214e-05,0.7364393012673984,0.1,0.15741858040672563,2.439322654368755,0.7918426398683951
North America,Canada,Alberta,2020-03-19,13.327282217972847,0.9491587575059927,-0.23906454714407294,1.0712942114150001,0.18449655523526248,0.02543743867523715,0.3538513631466807,1.9611949933398725,0.5961425571702064,0.07165215245262635,3.1389555199244463,0.7494918596158473
North America,Canada,British Columbia,2020-03-16,7.125987370977366,1.1354864767405275,-4.300412358476274,1.4702681106476176,0.10128127892290076,0.0639632267297978,0.02781021631945832,0.39530972108112916,1.28631766354345,0.05920953265004991,2.6504079692428517,0.93598145723031
North America,Canada,Manitoba,2020-03-31,4.216111807638109,0.8834922293175447,-10.0,2.7954330253569344,0.14900797142729463,0.020751677441859462,0.12993063550693312,0.1,0.7225205795947112,0.0,3.001171701085595,0.9900591344557064
North America,Canada,New Brunswick,2020-04-06,21.979688631870804,0.75,-10.0,2.804720444927685,0.05,0.01,0.20745383498179626,0.1,0.1,0.0,2.9931793609744957,0.9974113741967401
North America,Canada,Newfoundland and Labrador,2020-03-27,5.948149944930732,0.75,-10.0,3.0,0.2520491398247767,0.011711756227761883,0.5,0.1,0.6707916879540567,0.0,3.0055796044659067,1.0028919143951536
North America,Canada,Nova Scotia,2020-03-28,35.07188309389704,0.8733295118681805,-1.6650976503016481,2.417149862481668,0.05098530848492111,0.06653042843078014,0.11901060736938276,1.8107868686330395,0.1952373603333486,0.09056292431062918,2.9722484048304025,1.036820658332215
North America,Canada,Ontario,2020-03-15,110.37874287457261,0.9916113949185387,3.9618510534324045,1.6622469594307152,0.13576338073612426,0.09484535890067261,0.17326317256485363,3.8837539754939128,3.8247128030703,0.6390525086940131,3.2543453413217094,0.7767711674563322
North America,Canada,Quebec,2020-03-19,22.82704986313845,1.0613574778350412,4.460192675567397,1.1458677644753745,0.06913373171714945,0.14069672044786394,0.2254348280495996,2.5737527385380568,2.638642275137394,0.001249289517760932,3.7300303328804194,0.14371239663891489
North America,Canada,Saskatchewan,2020-03-28,14.02664149970933,0.75,4.737462739957825,1.0809541104404685,0.05,0.02252233103395157,0.32664065307818,0.1,0.1,0.0,3.784916046735015,1.4158588706740887
Africa,Central African Republic,None,2020-05-08,70.87055898615493,1.2165211441516548,-0.6500517314585058,1.1469361787202401,0.05,0.019290169438588342,0.0,0.5072603648981584,0.10339415623956061,0.030836569788254664,3.008245455096214,0.6585025896438998
Africa,Chad,None,2020-05-02,4.441946533412873,0.7534998137812131,-1.394938764370797,2.9960303226763694,0.5,0.09861459749141332,0.5,2.233941103147126,1.107021683445406,0.5305161043553921,3.0368412569345744,0.9610708874972425
South America,Chile,None,2020-03-16,224.25188808666718,0.9599743219564371,6.173568975514171,1.0329175419275571,0.05,0.025406617948398214,0.19578149684169882,4.960642280908332,5.623632546386249,1.8532441641868465,2.312644755853701,0.10000000000000009
South America,Colombia,None,2020-03-19,151.31454142596576,1.0531650451653243,2.768927016801894,1.1758098575025224,0.18942681371026865,0.04742352359837003,0.1999165271687487,3.464168070251737,3.6436994251976578,0.4383814302346276,3.059665077418879,0.10000000000000009
Africa,Comoros,None,2020-05-30,20.11876590216343,0.8674418420320172,-3.77358579398897,1.494906717611273,0.05,0.030789900446467997,0.0,0.1,0.1,0.8501081788090714,3.730597082286019,1.8095097193198146
Africa,Congo (Brazzaville),None,2020-04-15,9.033617421689625,1.25,-6.154489568401768,1.0,0.05,0.041209416743950275,0.0,0.1,0.1,0.0,3.001178094336536,0.9900700057740826
Africa,Congo (Kinshasa),None,2020-04-01,29.048992636075443,1.25,1.102127225984784,1.0,0.05,0.03574972415845645,0.12960122500786145,0.6065598665675402,0.10178397610377843,0.016230189618626323,2.190202443917887,1.4972203513539382
North America,Costa Rica,None,2020-03-21,26.718046784375307,1.25,-4.041432208053023,1.0,0.05,0.01,0.2657159285679317,0.1,0.1,0.0,7.0,0.10000000000000009
Africa,Cote d'Ivoire,None,2020-03-27,34.18017674365709,1.25,3.4132691467473038,1.0,0.13033843812558182,0.01,0.0787934142488442,0.1,0.1,0.0,3.002793014352149,0.8158718949615325
Europe,Croatia,None,2020-03-19,14.079271418976429,0.8947468130730384,0.46606406249701077,2.5033598887897375,0.053308468062171904,0.04789881490837625,0.008140184146704116,0.8303487971445032,1.873316714581036,0.019068392527183065,2.6960166492621402,0.7637101707434892
North America,Cuba,None,2020-03-28,8.127842382000532,1.0068618371069586,1.3679838131067115,1.7928261831189252,0.5,0.0438667384722832,0.22102948251161095,1.0715680779852002,0.3363250461332923,0.004898373054159855,3.022837557856264,1.3681074956385624
Europe,Cyprus,None,2020-03-23,7.010393216182553,0.8136744546161133,0.03914980907720865,2.5801783874271567,0.21476748602634926,0.018754172601829003,0.244442921453187,0.8074666112115496,0.42787295296439787,0.29680420547976194,2.8241799131378187,1.8764701618834971
Europe,Czechia,None,2020-03-13,60.169360645946014,0.75,-0.422056070013696,1.0,0.2781847246703487,0.03945538464412429,0.25201395698191487,2.773715036165434,2.5447643190180114,0.0,2.844901384874854,0.992298081911267
Europe,Denmark,None,2020-03-10,19.934136406087678,1.094166588364767,0.8991720419515588,1.4221919722578016,0.1042478951951964,0.07021162955939919,0.3758825196301909,1.4726146953092072,0.1993129987154072,0.33567708936192675,2.055139952270594,0.12130460713261293
Africa,Djibouti,None,2020-04-08,45.665076281408304,1.25,-5.041920530041091,1.0,0.05,0.015412213400427463,0.49821157970536134,0.6295380601186835,0.11329632845875981,0.005597197791003428,2.8982525820957914,4.240642491974605
North America,Dominican Republic,None,2020-03-21,25.00566624616434,1.25,2.0731465277716272,1.0,0.5,0.04519722353928664,0.4741191684618288,1.514923720056892,0.1,0.0007305518795472921,2.8182424361872265,0.6229977543614875
South America,Ecuador,None,2020-03-18,15.369776240195389,1.0668382236344582,4.207244398865232,1.1350886321680056,0.05,0.11973032305172907,0.12609232010097263,3.1143193370873385,2.338674965542644,0.20095173013567624,4.897159358513235,0.10000000000000009
Africa,Egypt,None,2020-03-14,58.01779739419338,1.25,4.4424836126806255,1.0,0.05,0.059751854576216026,0.05367753615236018,1.354423560641147,0.1,0.3225418388387471,3.124031061383773,0.8119987923217828
North America,El Salvador,None,2020-04-09,48.605631903982285,1.0532743337926356,2.1604076997411585,1.2926209285043027,0.05,0.03909359847193049,0.37623649584891994,0.31702166701927403,0.7609910288099409,1.1923169466007741,3.4451587112535202,0.13063766681440958
Africa,Equatorial Guinea,None,2020-04-24,22.571199821340937,1.25,0.3936811876508775,1.7024990031386698,0.05,0.022399790973541805,0.15980007815772246,0.10097995787131353,0.10042930102608416,0.702692461607771,1.4699042831719202,0.10000000000000009
Europe,Estonia,None,2020-03-14,21.693669984619945,1.0409666654855714,-2.5267006357197284,1.936305603590993,0.07291665937295513,0.040864819514378356,0.1863444515864704,1.9523785915422054,0.22355387074490896,0.00021254064517206572,2.9947902846341745,0.9005842673722007
Africa,Ethiopia,None,2020-04-18,65.0130314681232,1.2445726562179078,3.7017016512734346,1.0,0.05000374135022162,0.026645204660126917,0.0,0.1,0.1,0.7080303109187045,3.3688978514253582,0.22576866144547303
Europe,Finland,None,2020-03-13,40.16024412472517,0.9647292222913512,-1.8731271925299051,1.0064796732364614,0.12737773643753073,0.04922473688674045,0.030473180149076073,1.4120749968773065,0.3841289979798539,0.18454842221390155,3.2798164553228966,0.5868888245282309
Europe,France,None,2020-03-01,65.45521699660063,1.0193135505408757,9.47919818570561,1.53863357618774,0.14622119990668764,0.19199283733801042,0.162159321503917,3.924996357430276,4.910725917548808,1.160327542159478,3.1814514215654155,0.7901499355870798
Africa,Gabon,None,2020-04-17,14.761018228244794,1.105819259694829,3.3720473362142784,1.0,0.0571400518814589,0.011172276572081377,0.24341902421790332,0.381144560580867,0.10076321258885201,0.15210089038833674,3.1843696372032806,0.9650517709166166
Asia,Georgia,None,2020-03-30,7.89433548536618,1.25,-2.9901955978174444,2.2451410758064783,0.11310346902658891,0.01727892388865125,0.11453934009049835,0.7552064738265551,0.1,0.0,3.0802257789972973,1.5576550255207122
Europe,Germany,None,2020-03-01,105.82937496298707,1.0749584660953506,6.747731803019863,1.642511772929412,0.06890377041265791,0.053190742162799454,0.09144748910546091,4.13374541698657,5.298136502238096,1.4228891011275542,3.0624360187032535,1.0438012240427774
Africa,Ghana,None,2020-03-26,20.68487048917052,1.25,6.499158286847225,1.0,0.05,0.01,0.21874671544975466,0.1,0.1,0.0,2.25582717346726,0.4909719596574744
Europe,Greece,None,2020-03-13,8.392183291018881,0.9596491784015768,1.8460346448142027,1.9779407258006347,0.09168125056559417,0.06546355576368033,0.11828973636536763,1.4098520579510794,0.11035332609303339,0.0,3.0017137049755167,1.001078068227484
North America,Guatemala,None,2020-04-10,102.2726863870551,1.0494110109592847,0.2493799474351666,1.0,0.05,0.056533315345165966,0.0006385737293601867,2.8276183163510744,0.1,0.03101427559498582,3.2434579131621826,0.6371548389481243
Africa,Guinea,None,2020-04-04,20.50419889673965,1.1022296717521995,-0.2977171931267118,1.0,0.05,0.01,0.20899510954421663,0.6046886567897367,0.1678246537151482,0.10842231841831662,3.253734717905691,0.5148249378750065
Africa,Guinea-Bissau,None,2020-04-29,17.40397757483976,0.75,-5.565278940060809,1.3812945371045093,0.05,0.013486131807474641,0.0,0.1,1.070694052240658,0.0,2.5373097038349792,0.9114780286392525
South America,Guyana,None,2020-05-10,4.905935219367477,0.7632746702817841,0.22642081109844,1.0,0.24118681280975568,0.01685126710505777,0.27531179268988865,0.1,0.1,0.13149706709139597,4.828607236371336,0.10000000000000009
North America,Haiti,None,2020-05-05,8.995434546257323,1.0409789189857357,2.593742691122041,1.2467895234436526,0.317227909749597,0.017962105565468706,0.24809767305852964,2.861808342468719,2.250671087876387,0.06106429129740043,4.259230964665533,0.7417536215665177
North America,Honduras,None,2020-03-29,41.63607880444242,1.25,6.686451865381945,1.0,0.05,0.05975537202966341,0.16383045066034851,0.1,0.10311162410490304,0.0,2.930332054832,0.9809556584808401
Europe,Hungary,None,2020-03-21,19.200205089469456,1.0083036124951703,-1.793060260697135,2.117490487133924,0.05,0.1562024778591187,0.016171847844016568,3.035799687352099,2.6837653628035807,0.0,3.001066840983949,0.9904796647145946
Europe,Iceland,None,2020-03-12,25.956882141922556,0.876175248328307,-6.304818443405155,2.4132697786584245,0.05,0.01,0.20265528418693016,0.15233075557760412,1.5842204669196303,1.7766162707022386,3.1103376671955734,0.9634229252696906
Asia,India,None,2020-03-14,87.583427692903,1.25,7.085240295811874,1.0,0.05,0.04297921979362966,0.0,4.630719660312499,1.6641417971981913,0.23517140401732828,3.7359821147794117,0.14619359888139227
Asia,Indonesia,None,2020-03-15,31.150887335454378,1.25,4.850666738672954,1.0,0.05,0.09277156055216698,0.14254147486720864,1.5037839573620717,0.1,0.0747489315236276,2.1635998711575537,0.7294298678969908
Asia,Iran,None,2020-02-26,26.567687741780453,1.1473051471809141,9.9200051397487,1.0,0.4997716813044899,0.10053258930324807,0.46512199733770776,4.182980362923673,5.25360093984013,1.4579484038565163,3.0124255401389326,0.10068098501330924
Asia,Iraq,None,2020-03-13,113.85666607445167,1.25,3.983075519846211,1.0,0.05,0.04811449800874518,0.0,1.7476178202183625,0.1,0.11759859010990903,2.985614318536481,0.10000000000000009
Europe,Ireland,None,2020-03-14,42.44783716265812,1.067495451432774,2.7858560217662847,1.547459436518645,0.11351731376064053,0.07993773579863714,0.1615134333328897,3.636407115379613,2.6706493985410393,0.0,2.6147249775520014,0.9740513274324936
Asia,Israel,None,2020-03-13,31.541110185424547,1.0001925775078362,1.9896217266975222,1.571741925512645,0.13436707741834947,0.015761736827864914,5.114922537269306e-06,1.8724663323114963,3.6509110182183395,0.04064100887681432,3.5406690648251464,0.9618953278885785
Europe,Italy,None,2020-02-23,19.933196097780396,1.0636996187774697,6.906925501671859,1.279316836916126,0.15759827798835935,0.1793414716547837,0.15809525191698776,4.07573955605452,5.15371370494427,1.432643437699744,3.1943581783513206,0.6466381653652107
Africa,Jamaica,None,2020-04-15,6.993101705321772,0.9423598198402808,-6.309192166544727,2.331309234129238,0.057442974848608414,0.01,0.22506900010787592,1.303210939372475,0.3012661756063002,0.0,3.0883300108862186,1.0149142104238502
Asia,Japan,None,2020-02-21,26.258515975764062,1.25,3.317550399063255,1.0,0.05,0.0585835279873914,0.0,0.6280367718699749,0.12625552904812132,6.323592199830586e-05,3.710148747912139,0.24982576648165367
Asia,Jordan,None,2020-03-22,23.238993946546422,1.25,-9.025131462101285,1.0,0.5,0.011813152524602494,0.5,0.1,0.1,0.0,3.1772323056864202,1.1827664164237475
Asia,Kazakhstan,None,2020-03-26,36.790784141515175,1.25,7.871815223542731,1.0,0.05,0.01,0.22614292188144625,0.1,0.1,1.0664882358699936,2.237220823469943,0.10000000000000009
Africa,Kenya,None,2020-04-02,41.25764073885176,1.25,-4.50523634423427,1.0,0.05,0.03860844568805229,0.0,0.10131587407952836,0.38802177186026654,2.800293212165157,3.4826948337218644,0.11050374574468869
Asia,"Korea, South",None,2020-02-20,6.744505772830688,1.0305483844963486,-9.094998541923204,1.9884098259924958,0.051324011480291976,0.024136694479603468,2.758272527048078e-09,4.366816324466345,7.736531199386246,1.5296044531299138,0.6886979028095168,0.8613377855799222
Europe,Kosovo,None,2020-03-31,24.426579912376546,1.1664449488762947,-2.346387422863227,2.6306037193927563,0.10750351533988833,0.028717656238445383,0.2773914689030541,1.388087912599517,0.34449259062869775,0.5470465051579756,2.9702816869175934,0.31677216202206404
Asia,Kuwait,None,2020-03-14,74.55241383442187,1.25,10.0,1.0,0.05,0.011006579984888715,0.0,0.16508551114288128,0.11015696768366734,0.09574829093531312,2.5506711491982053,0.18599148954430866
Europe,Latvia,None,2020-03-20,18.07207864291457,0.7957135287689865,-7.3212890937853325,1.0001409131075927,0.05,0.027091437025016055,0.0,0.12846003248313842,0.5895494464758766,0.695341653020648,1.9438880034608057,0.6950364786287135
Asia,Lebanon,None,2020-03-15,19.984610588716514,1.25,-4.524396800141793,1.0,0.5,0.030030575724822955,0.5,0.1,0.1,0.0,2.9840008247190255,1.021680991449244
Africa,Liberia,None,2020-04-21,12.909178981103112,1.25,-5.8666447655842,1.0,0.5,0.07850049639372475,0.42316950996451486,0.1,0.1,0.0,3.1340212401610135,1.2281640037999269
Africa,Libya,None,2020-05-28,14.90977448028229,0.9820763945677967,-1.29843211440674,1.6690246231552435,0.05,0.038628068990885917,0.0,0.18962163974277235,0.7535733564000067,0.00024395154209644332,3.0053552880107315,1.3007922636177076
Europe,Lithuania,None,2020-03-22,9.047674191363228,0.8683838695891872,-1.8854199777785312,1.906928400118419,0.05,0.04685840873531233,0.05131753103423978,1.2780581505342559,0.39382894443585226,0.23398691722518938,1.9718785300390853,1.85985184289444
Europe,Luxembourg,None,2020-03-17,4.6583117313589,0.92066865477945,-8.081343530781806,2.2737690818428393,0.08293955917887469,0.027865305710198532,0.07020068001323687,4.048513961955699,4.898603970825456,0.0,2.7692755318298055,1.2788966709280407
Africa,Madagascar,None,2020-04-11,56.06355708679586,1.25,-3.8598289822391623,1.0,0.05,0.012277236477617512,0.0,0.1,0.1,0.0,3.8723103463965054,1.2530827292219815
Africa,Malawi,None,2020-05-25,18.710359699200104,0.9416305343170405,-2.1093348839077133,1.0,0.05,0.018251033128612246,0.1949939634741975,0.6951204433935043,0.42761788752415963,0.0,2.561833597164239,0.7261481232464488
Asia,Malaysia,None,2020-03-09,16.76587810715947,0.8786800288937854,-0.6042900294957829,1.0,0.5,0.018744078951694346,0.5,1.3164382190526807,1.446777802858278,0.04931773279417362,4.162930726531243,2.1065990880280197
Asia,Maldives,None,2020-04-23,33.34956484902648,0.8541553826693266,-0.4800362844539399,1.0,0.05,0.01,0.20762968455451636,1.1334567765283698,0.14465043310507308,0.034189099305340864,2.871871116005048,0.6100242792621999
Africa,Mali,None,2020-04-12,9.59396138862475,1.1880857688457604,-2.563552481564264,1.0,0.2622229105692957,0.08286542211421535,0.3847033809769854,0.6516494947035198,0.10249636662835293,0.03430001931988347,0.7275808329054403,0.12241636135115863
Europe,Malta,None,2020-03-23,9.541956846345286,1.0062218388386055,-0.5592189257206872,1.538529476068523,0.05,0.014985738127807707,0.0,0.2352787414516424,0.10306108061857344,0.0,2.7868592896174955,1.1857054394378335
Africa,Mauritania,None,2020-05-19,15.83013951082363,1.0697407319134482,0.5485031949541642,1.2013366987539438,0.08055065891792876,0.06121495226725748,0.24524640609206583,1.3165606702643928,0.35509611603542623,0.2542209220412195,2.9968456266593826,0.545319449931136
Africa,Mauritius,None,2020-03-28,3.1206643053164678,0.75,-10.0,3.0,0.5,0.025974369176630027,0.41261212475338715,0.1,1.1757105620940553,0.0,3.0054311015619657,1.0176772967290977
North America,Mexico,None,2020-03-18,80.84771969144863,1.146793195460334,6.670462990496766,1.0,0.05,0.177303255390416,0.0687234056029124,4.115658199850732,0.9185819172769545,0.2585936478429174,3.070102164252127,0.10000000000000009
Europe,Moldova,None,2020-03-23,27.487395209217762,1.1997867591415345,7.219753039131186,1.0,0.05,0.07029806575821984,0.2744011413533979,0.17780857750777823,0.10033615881223668,0.00449881054237844,3.2760795348356204,0.3893066017830944
Europe,Monaco,None,2020-06-22,4.82883646837727,0.75,-10.0,3.0,0.05,0.01,0.22693476524996536,0.1,0.1,0.0,3.007537109434422,0.9896810854713984
Asia,Mongolia,None,2020-05-16,,0.75,-10.0,1.642784097476267,0.05,0.01,0.20255400483388247,0.1,0.1,0.0,3.0012857795227355,0.9900023091830898
Europe,Montenegro,None,2020-03-31,11.41411064493322,0.75,-0.16060250260155012,2.8850515738846614,0.07862307756535555,0.022407449877339405,0.18406492415366302,0.14042085467177845,0.3845361031935415,0.15264275547767614,2.876623935087684,0.32683322886278354
Africa,Morocco,None,2020-03-22,18.448587480604978,1.0636168136236783,0.24793259319220734,1.0,0.5,0.036477009243670644,0.5,0.1814885452889179,1.1135556435994864,0.01841311750068808,2.9488814871377733,0.8311254332121722
Africa,Mozambique,None,2020-05-11,9.579133470400654,1.0154661754440362,3.051182805473034,1.2148841919786388,0.06275222904393457,0.01,0.39474217532631567,0.1,0.10168748467156696,0.0,3.3253701752654985,1.0675379961676341
Asia,Nepal,None,2020-05-07,36.847496344305945,1.25,10.0,1.0,0.05,0.01,0.20296438226872254,0.10450506231587564,0.1,0.0,0.0,0.10000000000000009
Europe,Netherlands,None,2020-03-06,50.53660000474905,0.9838310607284968,4.230021401383906,1.2420113822815988,0.2234205376669827,0.15164066732481765,0.1534562089866326,3.482000298329888,3.653987831473545,0.4541059701282486,3.1644666277592037,0.31420687256052426
Oceania,New Zealand,None,2020-03-22,35.862485874040814,0.75,-8.275252841692769,3.0,0.06351444985588744,0.015220305215607285,0.16108737399836587,2.8727778605880436,3.2001811233949775,0.234799457328005,2.7672352686447375,0.8186897346672757
North America,Nicaragua,None,2020-05-19,10.249446383580597,1.2219765319732596,-0.5379098104657087,2.760250648869092,0.5,0.030957015831339002,0.1896929261879371,1.7670922340703519,0.14265369371376213,0.013513371794813711,2.9928420584703956,1.07990401883266
Africa,Niger,None,2020-04-03,6.636143284720495,0.9288939784273257,-5.433575844790778,2.0555166220758485,0.059337413603207406,0.07884700441161199,0.32824866144717396,1.022696438992888,1.0231992773235126,0.0,3.1916009911465997,0.9194011164853926
Africa,Nigeria,None,2020-03-29,36.51573399751783,1.25,-0.7322319377568245,1.0,0.05,0.038941006181628504,0.06046046081120082,0.1,0.8581273885759328,0.0,3.220958167091975,0.10845665683499783
Europe,North Macedonia,None,2020-03-22,32.48390836863396,1.25,1.0048717677971741,1.0,0.05,0.06669585886013113,0.0,0.1,0.1,0.0,2.507151063074964,0.6726271760122544
Europe,Norway,None,2020-03-06,21.637335912844346,1.0295473937063016,-1.355390073089899,1.7916252852127301,0.07917003335618084,0.032185599043906846,0.17929278582552532,3.365237879023176,2.4530945493538696,0.2721644553581055,3.3313573032579735,0.95648888721983
Asia,Oman,None,2020-03-26,55.0163645871687,1.25,9.46421138032859,1.0,0.05,0.01,0.21927335017733957,0.1,0.1,0.0,3.8113002081381957,1.2014560334474405
Asia,Pakistan,None,2020-03-15,132.63798023856543,0.9681752974140969,4.662407446770301,1.0,0.05,0.031127398436394144,0.234133576305175,4.936671562787654,5.544425146818719,2.1567676932253823,2.313543210828972,0.10004320611349016
North America,Panama,None,2020-03-19,32.49934380833747,1.2352249076673583,3.9485668161089564,1.0,0.07667391667804366,0.03437551659355814,0.33654620478005803,0.7119058930111102,0.17364324591965996,0.016994918701366934,2.483358834182601,0.10000438495977404
South America,Paraguay,None,2020-04-05,20.59031270592428,1.2273674547861069,-2.712793600394041,1.0,0.06025396769312713,0.01,0.2911491457789915,0.1,0.1,0.0,3.0405592256306075,1.0514121073835958
South America,Peru,None,2020-03-17,26.805068453971884,1.25,10.0,1.0,0.06827546450432248,0.048372551360492386,0.1718100778097926,2.298102699725432,0.15346869825646348,0.0,3.0596581075627793,0.6248811993292274
Asia,Philippines,None,2020-03-14,24.236245734609035,1.25,3.003320443536313,1.0,0.5,0.0529336542447819,0.12019052956851217,1.3498778268471998,0.11089096859771352,0.3340772491093955,4.416313958542803,2.4857783474868307
Europe,Poland,None,2020-03-14,21.79090489973722,1.1574634201379332,8.54512430947948,1.0,0.37042010568309086,0.05805076321957746,0.18336489651467136,0.8816075088948834,0.10006777390322341,0.017931782665017604,1.1449982943619523,0.4773823997402311
Europe,Portugal,None,2020-03-13,23.74794440004522,0.9022196618938447,3.9800200695568773,1.0,0.47618091951499136,0.04280662554322326,0.04003145493556021,3.782179963152383,1.7790806295722725,0.7682615128716352,3.305113024082271,1.03102087843252
Asia,Qatar,None,2020-03-11,132.97053221122792,1.25,4.4732037532264695,1.0,0.05,0.01,0.21435008490634938,0.1,0.1,0.0,3.7061066384957773,1.0409995475986005
Europe,Romania,None,2020-03-14,15.637194698092603,1.1415874400115242,2.2837058188100063,1.0,0.44123551565993824,0.06733269924404921,0.031521662934590744,1.95930244987077,0.1,0.0,4.83508127959944,0.8131969750207795
Asia,Russia,None,2020-03-17,118.1280006344345,1.1551412291917995,4.3043182110489,1.0,0.05240596333352285,0.021026626604901927,0.49907437757043466,6.126838936589649,9.332819301607291,3.4397936872765857,2.9569970045803977,0.13123339579939186
Africa,Rwanda,None,2020-04-04,87.3567901312602,1.1948266362251134,-10.0,1.0,0.05,0.01,0.23962665502830582,0.1,0.1,0.0,7.0,0.49301989241649835
Europe,San Marino,None,2020-03-15,6.451060621697972,0.9627919378128929,-6.512349585959316,1.0026625601166446,0.5,0.08355837091542195,0.5,0.1,0.40652602108370317,0.12773194019487377,2.1085356005184104,0.5982960703315556
Africa,Sao Tome and Principe,None,2020-05-05,8.47756873665065,0.9916343107594329,1.6672295451756654,1.7010222826183834,0.5,0.017251693882553307,0.5,0.10056042055369296,0.1,0.021303959241760317,2.652435175561769,1.212632121788404
Asia,Saudi Arabia,None,2020-03-14,40.931509179112524,1.25,10.0,1.0,0.05,0.010666785846516258,0.0,1.3226706237216064,0.10000000000068532,0.14773540149318265,2.5925545203504248,1.1611198069163904
Africa,Senegal,None,2020-03-26,58.315492348629874,1.25,-9.770397007162838,1.0,0.05,0.017780318331738265,0.0,1.780249263004221,0.1256762132743976,0.0026641346059324,3.069292518551542,0.8754389634640449
Europe,Serbia,None,2020-03-19,23.411735093581278,0.9316986872043892,-1.6995148132906075,1.030146442887333,0.4399379509947319,0.026104814166397358,0.35596067876296755,2.8826644798317824,2.126265546697201,0.14071437838730239,3.1744252902890957,0.9974128904890045
Africa,Sierra Leone,None,2020-04-28,7.331640168504765,0.8465895667216942,-2.6040435931720736,1.0,0.5,0.05859694511724556,0.5,0.6193676202220102,0.4999003218008893,0.04659829121098902,2.921610627388212,0.96133114923347
Asia,Singapore,None,2020-02-29,42.86496728311747,1.078326800775025,4.723034499836773,1.0,0.05,0.01,0.19934043604701832,0.15140498720023654,0.1178793127727511,0.1805603531543758,3.924039470413117,0.1000006536128466
Europe,Slovakia,None,2020-03-18,35.39662949584545,1.0523089127483087,-3.2379896089888724,1.7521096218564347,0.08987650981852652,0.019012598459121982,0.15172642063594097,1.6787580372032007,0.12884970637607296,0.09637005908043994,3.3860090181637617,1.017759621985701
Europe,Slovenia,None,2020-03-13,25.372610497828926,1.026667970374754,-7.051416096585921,2.1834162258424623,0.06020472829199078,0.0910177791794009,0.36752786009759025,1.3101584249655307,0.2863605340892139,0.6154092202843107,1.780358440534788,1.8400571749245345
Africa,Somalia,None,2020-04-17,10.72662693050895,0.970021223813649,-1.1366994506584809,1.1334795426863251,0.5,0.04615787712041379,0.5,0.9292887013855449,0.589493323549358,0.01601527507184386,2.8571642417580803,1.1180875799656318
Africa,South Africa,None,2020-03-18,244.01577927279249,0.9714770316743528,2.6744306845571906,1.0,0.05,0.0297873156303871,0.19098659923316094,3.7071862961441395,5.004083332735665,1.129446427271919,2.6026310435659368,0.10636443004607488
Africa,South Sudan,None,2020-05-08,13.57217316416381,1.0047610359112435,-0.41520010285515946,1.7232476755085808,0.06054606710370439,0.02556638649928092,0.0028955853847433266,1.4982982799609794,0.1588176803430139,0.02056630031942186,3.0052547037109885,1.0722432619098805
Europe,Spain,None,2020-03-02,61.24930702716302,1.094622557374193,5.52407255253991,1.7240719327103526,0.211172349065648,0.13951374354895982,0.17600833700028767,4.650118482340669,6.3449813027051105,1.9799869289329557,2.8240766652856477,1.3445173513513837
Asia,Sri Lanka,None,2020-03-24,29.19353440008215,1.25,-3.4721174027932387,1.0,0.05,0.01,0.20529362721790465,0.1,0.1,0.0,3.001200567440805,0.990055762782384
Africa,Sudan,None,2020-04-20,7.510048447431869,0.9933573507935884,5.113926461324291,1.0437995729631657,0.15856086954165222,0.07503075402406112,0.09543739709532298,1.785834538844877,1.530280366167203,0.0003681594433242452,3.681261155942987,0.6511438710581858
South America,Suriname,None,2020-06-07,60.47638072566521,0.9460717727586525,-3.934688136257962,2.3014763977503314,0.16879691985945755,0.011597032489362988,0.20488011880792134,0.1,1.8375010926228996,0.0,2.4027498628946367,1.0617941120074108
Europe,Sweden,None,2020-03-06,137.70217415918282,1.0842152995611996,3.5074133423076628,1.6570314079908193,0.05,0.14098367057066932,0.18802467246347634,3.4937395043031456,4.18555346163318,0.7044001138663003,2.9749902641323964,0.8376326749758252
Europe,Switzerland,None,2020-03-05,24.283623648970835,0.9596770059269939,6.462264223464302,2.6853449382800547,0.08124231134031493,0.07579937739848205,0.23536625563891173,3.3147462437885205,3.2755161054350346,1.0625887192092898,4.489020701706094,1.3592789798722948
Asia,Tajikistan,None,2020-05-03,17.239770992021633,0.75,-0.8599989226977542,1.5209023792278535,0.5,0.01,0.26773319834864,3.0244998486556076,3.4850929810867015,0.10136027316245366,6.165129461971587,0.7814475338375861
Africa,Tanzania,None,2020-04-17,5.477250423278961,0.75,-10.0,3.0,0.19876344559817055,0.034940544770672,0.24419985162054483,0.1,1.4248924227632833,0.0,2.980071956867642,1.0092980180752797
Asia,Thailand,None,2020-03-15,20.669516138099645,0.910195253815235,-5.608566580457806,2.5003490754720956,0.12317468048884114,0.01877794212294763,0.0754689222936065,1.00425325248548,3.3280708978368514,0.589289191775527,2.598614564870622,1.3883463889292904
Africa,Togo,None,2020-04-29,6.3899574372548695,0.9876715294051136,-1.7941774907097985,1.6909253028547533,0.5,0.014307960552227217,0.5,0.6102864501031329,0.18189407437366434,0.005214726828300265,1.0532941182769395,0.37440760466958745
South America,Trinidad and Tobago,None,2020-04-04,4.128011961148402,0.75,-10.0,3.0,0.5,0.022422931130256465,0.5,0.1,0.1,0.0,3.001158761663193,0.9900712170477184
Africa,Tunisia,None,2020-03-24,4.270416580889866,1.053116505935694,-5.143503134882582,2.796986082803,0.22069507959626725,0.04507153068555653,0.19970113127594566,1.6531987364068677,1.112724000356839,0.019588383293661416,1.3257055000921865,1.050583647305728
Asia,Turkey,None,2020-03-19,8.494431769993058,1.073372263065782,5.734471625196069,1.5958821974235402,0.3249211804954187,0.03130741425336417,0.17497403224671224,4.101328381991577,4.995383260468943,1.2118486665988568,3.2590768606997544,0.9924799360961698
North America,US,Alabama,2020-03-20,24.6357717747112,1.25,-0.32622433296586256,1.0,0.07277976129001518,0.04638903828366807,0.20363076059556842,1.6787167496110493,0.4734012410691575,0.024203200111295065,3.0093940723413475,0.20106137703526406
North America,US,Alaska,2020-03-29,19.232183823148674,1.25,-9.977119616027593,1.0,0.35517570498672063,0.01915926087049387,0.38943094423499836,0.10002103806469886,0.10086771663807692,0.0,3.001181973993478,0.9900672921455005
North America,US,Arizona,2020-03-21,37.99628699654955,1.036919634871197,6.776519623818153,1.0,0.13456648122092454,0.04446979331107628,0.09874956985161984,1.3454058606217236,0.8280004096475846,1.0543315048357804,2.870545769926878,0.10000000000000009
North America,US,Arkansas,2020-03-21,35.17025140844187,1.25,2.406882360082744,1.0,0.05,0.023994061805663477,0.14114019710170828,0.10733181762051114,0.14475169967461365,0.58647999406125,2.8365793384199876,1.5356519458769544
North America,US,California,2020-03-09,30.73936017240788,1.0464662544161343,6.872424060047118,1.0,0.05,0.048847228925328265,0.1366936181227246,3.394952713325827,4.362040366390623,0.0,2.997435998755789,0.10000000000000009
North America,US,Colorado,2020-03-14,15.857524835294903,1.1566886940182222,3.432110403178403,1.0009700704172264,0.25376871496690506,0.06956132222126807,0.1700220196867382,1.3437135757471106,0.7168310394073556,0.0,3.6784881352527363,0.5497031070995555
North America,US,Connecticut,2020-03-19,18.68666831055226,1.035615490374946,1.8723541255140572,1.1439237481030182,0.141665687196826,0.12084816697569375,0.20483561512333037,3.356966656995569,3.2019424346987675,0.1381131848638475,3.6679612979031475,0.4254625965123955
North America,US,Delaware,2020-03-24,6.516226444867925,1.0637880180854906,1.3537892923086048,1.0,0.21923788376862002,0.04323564460851012,0.017326094950402743,0.6410149829141538,0.7672704906387198,0.000264528765660188,2.397429411576364,1.8508445937915725
North America,US,District of Columbia,2020-03-22,12.044206835014167,1.1509669958758062,-1.35046414643553,1.0,0.22463557969801504,0.061675602286866166,0.110362779556686,1.6481550711235182,0.4088135523068921,0.0,4.651513737792131,0.7914202628018363
North America,US,Florida,2020-03-16,19.915097566005354,0.9525165803045418,6.084882268150807,1.0,0.06382121804919044,0.049548097001536964,0.1485484333799718,4.377205048622133,4.7143141573017555,1.0391761985131278,3.3887906104376664,0.30037036803857653
North America,US,Georgia,2020-03-16,21.67032981502676,1.25,3.0192272417305697,1.0,0.2144938310352676,0.058049608060509156,0.23053025770028016,0.1205694431737836,1.2913093591857527,0.0007980917179981617,2.0469099344747237,0.7033885430042155
North America,US,Hawaii,2020-03-27,10.207366457472034,0.8400387572926096,-3.1573350172573593,2.654956993279672,0.2865631707655912,0.024256021310893938,0.05313645423191943,1.824279197332039,0.1,0.0,3.001179455418904,0.9900540953621477
North America,US,Idaho,2020-03-26,20.710076820088005,0.9438545786148,2.759603007846301,1.0,0.5,0.03421865720264111,0.5,0.6246971925307676,0.12515491935723322,0.0,2.82462778090805,1.1033300437880238
North America,US,Illinois,2020-03-17,13.668797677942038,1.1205728474825554,7.421225482241701,1.0,0.13958814510199644,0.06930638010791108,0.24008537256512205,1.0409819954980124,1.5190542160959568,0.15196438344579777,2.354390724132859,0.2760843120382481
North America,US,Indiana,2020-03-21,10.069556483512185,0.9998339336712116,4.567964648899125,1.0,0.2991468807272835,0.06456891155053633,0.016607149522759684,2.882593946644694,1.8069633183490152,6.503120540690688e-05,1.5259423095129416,0.48970542051469046
North America,US,Iowa,2020-03-23,13.053381478523702,1.1204426544614674,3.8052065056584135,1.0,0.3520401013493916,0.027076968469926313,0.07454066766440226,2.185387170677409,0.1529375193590674,0.00013388233522926285,2.864427872628262,0.6937614722885115
North America,US,Kansas,2020-03-25,13.873468674590708,1.1704553559419917,-0.7180576677341388,1.0,0.5,0.033128142670413765,0.5,1.5091361404624228,0.15267999348522476,0.0032415029136121376,2.7431018972111216,1.2081316780776141
North America,US,Kentucky,2020-03-22,21.271060046591288,1.1876816094366323,5.200007661408119,1.0,0.5,0.07395516490702486,0.49225851348093863,0.42615789054813735,0.1,0.6654932391973949,3.2006643967174657,0.873907394951454
North America,US,Louisiana,2020-03-16,17.41380403990381,1.0232992647045245,5.639427381423195,1.0498729729603262,0.3555846989913085,0.1119206112557479,0.43886158555542776,2.6223219269621776,2.075412128311592,0.014683050427386934,3.9799345690571717,0.28241390345131157
North America,US,Maine,2020-03-23,19.93980936609774,1.25,-1.8392916039849718,1.0042000988458202,0.5,0.04332122551051497,0.14803860420231296,0.1570945967469326,0.10056436391658785,0.0,2.655434141514225,1.0862207335362453
North America,US,Maryland,2020-03-19,61.074760880183064,1.0758036804074647,4.860660313077874,1.3057341540476157,0.1923331434628397,0.06233328135463263,0.20109932030249456,3.4382186573246614,3.6519609118261354,0.4826956392962196,3.0878210190001174,0.10000000000000009
North America,US,Massachusetts,2020-03-12,111.24653933195624,1.0829824569494697,4.581081807942552,1.0000079730960878,0.14578608682383745,0.090790287030302,0.16899934353627222,2.8894820335953217,3.7991518108511775,0.26402745611851586,1.5587024926935749,0.10174486839093788
North America,US,Michigan,2020-03-18,26.908796611776914,0.8881318315771867,0.05827964186310279,1.0,0.2879431573937399,0.1157072767748884,0.21680435038300308,4.6888376891406125,7.462285110988736,0.8431774039715925,4.111266438517171,0.8782565540253024
North America,US,Minnesota,2020-03-20,28.843799384319105,1.21815853179573,2.2566537002756237,1.0,0.09545478543719055,0.06690558576962602,0.2501639480821682,2.034865868411735,0.1,0.0,2.529952479321273,0.7426630858646426
North America,US,Mississippi,2020-03-21,19.429943567057933,1.25,0.2818911687206053,1.0,0.08911820102327281,0.05908856517825467,0.11195362557408611,0.26528434744516716,0.5720372738946091,6.586695156851619e-05,5.807535298183939,0.47846589449575827
North America,US,Missouri,2020-03-22,19.69942653792297,1.1324474353557241,2.3128801446726026,1.0,0.5,0.07700444406697252,0.2678545599061681,0.6896472740296824,0.6427871534598202,0.0,3.9633960512583717,1.130226610147
North America,US,Montana,2020-03-27,18.11969454653042,0.9909731528581566,-3.1531877932923003,1.0430339615576427,0.5,0.039241906502489446,0.5,0.1,0.11293748420778194,0.0,3.2816808140504254,0.36043995745153756
North America,US,Nebraska,2020-03-29,12.69397076785469,1.1508684341418332,3.033113242080861,1.0029651002931874,0.20238177448548003,0.015684182671934777,0.27775870420616006,1.2128778157570435,0.36437346698087847,0.030914966765990926,2.9256063245192685,0.3681354406462565
North America,US,Nevada,2020-03-20,20.6920814376712,1.25,-3.3445828111055,1.0,0.4951450058548406,0.06596777587657406,0.44433744815167386,0.8288329079381169,0.1838691535911403,0.5432982437217639,2.1147555526931305,0.6896160017464092
North America,US,New Hampshire,2020-03-23,17.4691083865137,1.2198964359762798,-0.3184909999878432,1.0208322962002108,0.05,0.1254592830802724,0.44079966105665724,0.1,0.31252985304029846,0.0,3.9957497259654096,1.7307621544602099
North America,US,New Jersey,2020-03-16,11.028725126692477,1.0521710142526555,6.233642603764123,1.518595339782662,0.07591694984453815,0.09369617387620666,0.12125474926779128,5.001739945679553,5.077715906787108,1.2484364638598586,4.099054417319379,0.8827502023765204
North America,US,New Mexico,2020-03-25,12.246153503884685,1.25,-1.475207189810881,1.0,0.08440006892915397,0.08293887668430736,0.4223550245249026,1.0455188775743087,0.12202069365510138,0.024867047752701765,3.630830680085842,1.0120824034017135
North America,US,New York,2020-03-08,102.95880400778192,1.0975473429213911,8.754654861162985,1.6210544284851784,0.299205269700284,0.10194052404074008,0.18474720198510275,4.83739643944423,6.05582272683263,1.8533608144417086,2.989086731375414,1.2829571261804325
North America,US,North Carolina,2020-03-19,65.35721015417582,1.0609967728784677,1.0791701244787089,1.1674538321393957,0.1342178520343329,0.0330677639739784,0.18387235029658414,2.0717792707417093,3.5922007654660124,0.2536621652156139,2.222570518916165,0.10000000000000009
North America,US,North Dakota,2020-03-30,7.8671585936971935,1.0985396384014567,1.4720681809960166,1.0,0.19710178799762967,0.026359392196124334,0.1166824154109932,0.33037483611061,0.11368923358164107,0.007563307011171805,2.6484540726363646,1.1952354216800052
North America,US,Ohio,2020-03-19,16.289789802594267,1.25,2.2613062950817238,1.0,0.3706676877990362,0.06278713296169945,0.016419764820716554,2.104620273635008,0.1484118593944368,0.19340733096158758,2.4370849429580534,0.6533913823710418
North America,US,Oklahoma,2020-03-24,24.93742386739357,1.25,-0.49190616534339104,1.0,0.5,0.07394189009200619,0.5,0.10004061577517298,0.5095969435264305,0.0019021809481749585,3.448181900386162,0.6227990427244794
North America,US,Oregon,2020-03-20,22.859722723481447,1.0463278303053358,1.1341490808048607,1.2074157259588096,0.05071273078851202,0.04731617522571975,0.24029626856871483,0.34999659827486695,0.8169507946095349,0.38030996900685965,3.5618670465059323,0.10000000000000009
North America,US,Pennsylvania,2020-03-17,25.098794031292133,1.096550635863025,3.9818515942095263,1.1923571908500215,0.0930079185950562,0.08358011500088709,0.04643486626891924,2.846728725836625,4.059729739618071,0.6496923099879257,3.1798117627705773,0.34069191711946445
North America,US,Rhode Island,2020-03-23,9.714000978080222,1.0757737054906713,-2.4480896828159953,1.0000718836753186,0.058085552452201816,0.06107658925567937,0.0022948719386016725,1.3796167955900058,2.2069641549058696,0.02561883764505435,1.7232384260503806,0.3729642544459568
North America,US,South Carolina,2020-03-20,24.29717887569477,1.25,-5.825758894714157,1.0,0.05711153860760032,0.047187496779816915,0.21912310936874493,3.008631773782499,0.8868278600724633,0.0,3.029244957024449,0.7910857498573185
North America,US,South Dakota,2020-03-30,12.230458682400666,1.151509425721874,-0.4445840364757957,1.103964480314529,0.0704919370538708,0.01619917220037416,0.18624970189282347,0.4788873402298446,0.5071914943163174,0.05844279061467761,3.3358631712282647,1.2337370398328344
North America,US,Tennessee,2020-03-19,28.19395196848272,1.25,3.6466087734693953,1.0,0.08379161079731737,0.02419492014063379,0.3526525948674915,0.1,0.41975661767335115,0.0,0.13855290157451572,0.15061285334335572
North America,US,Texas,2020-03-17,29.187899880783043,1.25,9.997578326811782,1.0,0.5,0.03646697810956093,0.4926434257011676,0.9825184161209339,0.1,0.8082737804645879,0.007139322193975062,0.6141467678446719
North America,US,Utah,2020-03-21,24.787785345063128,1.25,-3.836487375324997,1.0,0.05383113779376755,0.013068987810943539,0.1979970657019058,1.6019871248682462,0.4138856623152165,1.2369893820363131e-07,2.717291788214764,0.924309279165672
North America,US,Vermont,2020-03-25,5.970184254240602,0.7611610325150522,-4.7288618685992105,1.4721043287558566,0.23270606057944532,0.048811620535771844,0.08051839100807348,1.4737928534351816,0.9468236388858902,0.06696894595689562,3.0344432506376697,0.641055409020663
North America,US,Virginia,2020-03-19,12.93783093991944,1.25,4.52327810241851,1.0,0.25881739310827845,0.038786286364980896,0.2054080520568695,1.4884182610532948,0.45978649611323874,0.21394019034313194,3.9617650429907307,0.5871392080559972
North America,US,Washington,2020-03-07,19.960367831362337,1.25,2.6773246181945307,1.0,0.5,0.09287898532827543,0.5,2.4376525487762604,6.331982149776008,1.7897561982747734,2.604221159721153,0.4842765231101289
North America,US,West Virginia,2020-03-29,16.139754636729876,1.1110396508242601,-3.991013106685522,1.0223584256257456,0.11714538640925623,0.04422921627730654,0.0912039416073441,0.6009683250789379,0.1,0.0,3.9953535498727124,1.081011681501788
North America,US,Wisconsin,2020-03-18,21.15010766144694,1.132410315414486,2.9593577017613217,1.0,0.3300418666530053,0.03385465922003901,0.05478627246275669,2.063027607154671,0.1,0.0009868862285471458,3.0639914448526726,0.5957831042109905
North America,US,Wyoming,2020-03-31,16.73019707485848,1.232015137868878,-6.052547001848855,1.0,0.09856784625578141,0.018584252984904473,0.07862666224219444,0.1,0.1,0.0,2.96856083465641,0.9524746909344783
Africa,Uganda,None,2020-05-07,,0.9526395308619129,2.728863244557484,1.4077595419582718,0.05,0.01,0.18851230245546946,0.2739455457198403,0.1,0.013979023596776496,4.122468555045812,1.142963119462473
Europe,Ukraine,None,2020-03-25,20.430313842599606,1.2462209235887514,0.6128031640054508,1.0,0.06595582588031262,0.04335878579344424,0.20788618481513177,1.80455179178285,0.4925922281804107,0.3408392032417824,2.985711311934396,0.176080141684837
Asia,United Arab Emirates,None,2020-03-18,24.029222524553774,1.25,5.309065840840306,1.0,0.05275744353862433,0.01,0.20523974568793546,0.23670103491308137,0.4799781191384209,0.00015892709590215048,7.0,1.807180763699964
Europe,United Kingdom,None,2020-03-05,65.38138112359927,1.0148122223740668,9.589377446120485,1.1678646910581385,0.06867157766647111,0.19480959251567226,0.1540711631370893,5.764135941588175,6.911185293264797,1.8141961097988009,3.481874585085934,0.10000000000000009
South America,Uruguay,None,2020-03-20,11.063480056040959,0.9801932158524882,-1.3915075259997276,1.4138638984690868,0.0762519127847715,0.03216030074242865,0.14246675966917888,0.1000003864769381,0.26472568785807393,0.0,2.934733453687708,0.9878801840194327
Asia,Uzbekistan,None,2020-03-28,37.801144222280755,1.25,2.577700538664624,1.0,0.05,0.01,0.21671383003993058,0.1,0.1,0.0,3.2408672049937657,0.9419525094206098
South America,Venezuela,None,2020-03-26,69.90953444364476,1.25,-0.22879903544001487,1.0,0.05,0.012373101310472964,0.0,0.1,0.1,0.0,3.001200161634929,0.9900513735278877
Asia,Vietnam,None,2020-03-22,,0.7605628091634551,-10.0,1.0,0.05,0.01,0.20525615500728317,0.1,0.20722360239773785,0.0,3.055933271676272,0.9860800824386087
Asia,Yemen,None,2020-05-15,9.529250495293413,1.082355768514329,1.2398951560524014,1.5397578572860278,0.5,0.25,0.0,1.9826990308937957,1.1858405590898795,0.0,2.7157237020060556,2.011610164395079
Africa,Zambia,None,2020-04-30,18.714962055650407,0.9420209443279925,-1.6993263593349544,1.656231518612098,0.05,0.011604862425449766,0.17170485083454812,0.4102889611317968,0.9988411149062477,1.4276222000120242e-06,3.006477830015327,0.9922341475185861
Africa,Zimbabwe,None,2020-05-27,11.060111373896046,0.8891765033906297,-0.13202567424324246,1.9712702784718326,0.05,0.01,0.2593394941464741,0.12765019814760947,0.41440730012574534,0.0005505282924742616,3.026805739803448,0.8685765059838031
